<?xml version="1.0" encoding="UTF-8"?>
<project-private xmlns="http://www.netbeans.org/ns/project-private/1">
    <editor-bookmarks xmlns="http://www.netbeans.org/ns/editor-bookmarks/2" lastBookmarkId="0"/>
    <open-files xmlns="http://www.netbeans.org/ns/projectui-open-files/2">
        <group>
            <file>file:/C:/xampp/htdocs/php_01_widok_kontroler/index.php</file>
            <file>file:/C:/xampp/htdocs/php_01_widok_kontroler/css/assets/css/main.css</file>
            <file>file:/C:/xampp/htdocs/php_01_widok_kontroler/Config.class.php</file>
            <file>file:/C:/xampp/htdocs/php_01_widok_kontroler/templates/main.html</file>
            <file>file:/C:/xampp/htdocs/php_01_widok_kontroler/app/calc/CalcView.html</file>
            <file>file:/C:/xampp/htdocs/php_01_widok_kontroler/config.php</file>
        </group>
    </open-files>
</project-private>
